-- MySQL dump 10.13  Distrib 8.0.27, for Win64 (x86_64)
--
-- Host: localhost    Database: groupomania
-- ------------------------------------------------------
-- Server version	8.0.27

/*!40101 SET @OLD_CHARACTER_SET_CLIENT=@@CHARACTER_SET_CLIENT */;
/*!40101 SET @OLD_CHARACTER_SET_RESULTS=@@CHARACTER_SET_RESULTS */;
/*!40101 SET @OLD_COLLATION_CONNECTION=@@COLLATION_CONNECTION */;
/*!50503 SET NAMES utf8mb4 */;
/*!40103 SET @OLD_TIME_ZONE=@@TIME_ZONE */;
/*!40103 SET TIME_ZONE='+00:00' */;
/*!40014 SET @OLD_UNIQUE_CHECKS=@@UNIQUE_CHECKS, UNIQUE_CHECKS=0 */;
/*!40014 SET @OLD_FOREIGN_KEY_CHECKS=@@FOREIGN_KEY_CHECKS, FOREIGN_KEY_CHECKS=0 */;
/*!40101 SET @OLD_SQL_MODE=@@SQL_MODE, SQL_MODE='NO_AUTO_VALUE_ON_ZERO' */;
/*!40111 SET @OLD_SQL_NOTES=@@SQL_NOTES, SQL_NOTES=0 */;

--
-- Table structure for table `like_or_not`
--

DROP TABLE IF EXISTS `like_or_not`;
/*!40101 SET @saved_cs_client     = @@character_set_client */;
/*!50503 SET character_set_client = utf8mb4 */;
CREATE TABLE `like_or_not` (
  `l_id` int unsigned NOT NULL AUTO_INCREMENT,
  `l_fk_user_id` int unsigned DEFAULT NULL,
  `l_fk_post_id` int unsigned DEFAULT NULL,
  `l_choice` tinyint(1) DEFAULT NULL,
  PRIMARY KEY (`l_id`),
  KEY `l_fk_user_id` (`l_fk_user_id`),
  KEY `l_fk_post_id` (`l_fk_post_id`),
  CONSTRAINT `like_or_not_ibfk_1` FOREIGN KEY (`l_fk_user_id`) REFERENCES `user` (`u_id`) ON DELETE CASCADE,
  CONSTRAINT `like_or_not_ibfk_2` FOREIGN KEY (`l_fk_post_id`) REFERENCES `post` (`p_id`) ON DELETE CASCADE
) ENGINE=InnoDB AUTO_INCREMENT=18 DEFAULT CHARSET=utf8mb4 COLLATE=utf8mb4_0900_ai_ci;
/*!40101 SET character_set_client = @saved_cs_client */;

--
-- Dumping data for table `like_or_not`
--

LOCK TABLES `like_or_not` WRITE;
/*!40000 ALTER TABLE `like_or_not` DISABLE KEYS */;
INSERT INTO `like_or_not` VALUES (15,64,45,0),(16,64,45,1),(17,65,45,1);
/*!40000 ALTER TABLE `like_or_not` ENABLE KEYS */;
UNLOCK TABLES;

--
-- Table structure for table `post`
--

DROP TABLE IF EXISTS `post`;
/*!40101 SET @saved_cs_client     = @@character_set_client */;
/*!50503 SET character_set_client = utf8mb4 */;
CREATE TABLE `post` (
  `p_id` int unsigned NOT NULL AUTO_INCREMENT,
  `p_title` varchar(255) NOT NULL,
  `p_text` varchar(255) DEFAULT NULL,
  `p_image` varchar(255) DEFAULT NULL,
  `p_time` datetime NOT NULL DEFAULT CURRENT_TIMESTAMP,
  `p_fk_user_id` int unsigned NOT NULL,
  PRIMARY KEY (`p_id`),
  KEY `p_fk_user_id` (`p_fk_user_id`),
  CONSTRAINT `post_ibfk_1` FOREIGN KEY (`p_fk_user_id`) REFERENCES `user` (`u_id`) ON DELETE CASCADE
) ENGINE=InnoDB AUTO_INCREMENT=171 DEFAULT CHARSET=utf8mb4 COLLATE=utf8mb4_0900_ai_ci;
/*!40101 SET character_set_client = @saved_cs_client */;

--
-- Dumping data for table `post`
--

LOCK TABLES `post` WRITE;
/*!40000 ALTER TABLE `post` DISABLE KEYS */;
INSERT INTO `post` VALUES (4,'bla',NULL,NULL,'2021-11-27 15:08:09',2),(5,'LOREM IPSUM','Lorem ipsum dolor ','','2021-11-27 17:15:12',26),(6,'LOREM IPSUM','Lorem ipsum dolor ','','2021-11-27 17:47:08',26),(8,'LOREM IPSUM','Lorem ipsum dolor ','','2021-11-27 17:51:37',26),(9,'LOREM IPSUM','Lorem ipsum dolor ','','2021-11-27 17:55:56',26),(10,'new new new title title','new text','new image','2021-11-27 17:58:35',26),(13,'LOREM IPSUM','Lorem ipsum dolor ','','2021-11-27 18:03:07',26),(14,'LOREM IPSUM','Lorem ipsum dolor ','','2021-11-27 18:04:17',26),(15,'new new new title title title','new text','new image','2021-11-27 18:07:41',26),(16,'LOREM IPSUM','Lorem ipsum dolor ','','2021-11-27 18:08:14',26),(17,'new title','new text','new image','2021-11-27 18:24:55',26),(18,'LOREM IPSUM','Lorem ipsum dolor ','','2021-11-27 18:29:07',26),(19,'LOREM IPSUM lorem lorem','Lorem ipsum dolor ','','2021-11-29 11:04:24',26),(20,'Nouvel posr','bla bla  ','','2021-12-03 11:34:31',26),(26,'bla','description','http://localhost:3000/images/christmas-cat.jpg1638775504629.jpg','2021-12-06 08:24:22',47),(38,'bla','description','http://localhost:3000/images/christmas-cat.jpg1638810309886.jpg','2021-12-06 18:05:09',47),(42,'bla','description','http://localhost:3000/images/cat.jpg1639634545534.jpg','2021-12-16 07:02:25',64),(45,'bla','description','http://localhost:3000/images/cat.jpg1639637692328.jpg','2021-12-16 07:54:52',64),(46,'blananashvcgsfc','description','http://localhost:3000/images/catcat.jpg1639638084529.jpg','2021-12-16 07:58:50',64),(47,'bla','description','http://localhost:3000/images/christmas-cat.jpg1640183009775.jpg','2021-12-22 15:23:29',74),(48,'super titre','super text','http://localhost:3000/images/christmas-cat.jpg1640183092284.jpg','2021-12-22 15:24:52',74),(49,'chat','super chat','http://localhost:3000/images/catcat.jpg1640184118695.jpg','2021-12-22 15:41:58',74),(50,'chat','super chat','http://localhost:3000/images/panda_1f43c.png1640184185681.png','2021-12-22 15:43:05',74),(51,'chat','super chat','http://localhost:3000/images/unicorn_1f984.png1640184522923.png','2021-12-22 15:48:42',74),(53,'chat','super chat','http://localhost:3000/images/cat.jpg1640355368314.jpg','2021-12-24 15:16:08',81),(54,'chat','super chat','http://localhost:3000/images/cat.jpg1640355434108.jpg','2021-12-24 15:17:14',81),(55,'chat','super chat','http://localhost:3000/images/cat.jpg1640355505325.jpg','2021-12-24 15:18:25',81),(56,'chat','super chat','http://localhost:3000/images/cat.jpg1640355536147.jpg','2021-12-24 15:18:56',81),(57,'chat','super chat','http://localhost:3000/images/cat.jpg1640356793445.jpg','2021-12-24 15:39:53',81),(58,'chat','super chat','http://localhost:3000/images/cat.jpg1640357421414.jpg','2021-12-24 15:50:21',81),(59,'chat','super chat','http://localhost:3000/images/cat.jpg1640357840968.jpg','2021-12-24 15:57:21',81),(60,'chat','super chat','http://localhost:3000/images/chicken_1f414.png1640425965589.png','2021-12-25 10:52:45',81),(61,'chat','super chat','http://localhost:3000/images/caaat.jpg1640426534228.jpg','2021-12-25 11:02:14',81),(62,'chat','super chat','http://localhost:3000/images/super-cat.jpg1640426733300.jpg','2021-12-25 11:05:33',81),(63,'chat','super chat',NULL,'2021-12-25 11:18:45',81),(64,'chat','',NULL,'2021-12-25 11:22:43',81),(65,'chat','',NULL,'2021-12-25 11:41:33',81),(66,'chat','',NULL,'2021-12-25 11:42:02',81),(67,'chat','',NULL,'2021-12-25 11:43:05',81),(68,'chat','',NULL,'2021-12-25 11:45:10',81),(69,'chat','',NULL,'2021-12-25 11:49:56',81),(70,'chat','',NULL,'2021-12-25 11:51:34',81),(71,'chat','',NULL,'2021-12-25 11:51:59',81),(72,'chat','',NULL,'2021-12-25 11:52:51',81),(73,'chat','',NULL,'2021-12-25 11:55:44',81),(74,'chat','',NULL,'2021-12-25 11:56:27',81),(75,'chat','',NULL,'2021-12-25 11:57:17',81),(76,'chat','',NULL,'2021-12-25 12:02:50',81),(77,'title','',NULL,'2021-12-25 12:02:58',81),(78,'super title','',NULL,'2021-12-25 12:03:59',81),(79,'super title','',NULL,'2021-12-25 12:05:13',81),(80,'super title','',NULL,'2021-12-25 12:06:49',81),(81,'super title','',NULL,'2021-12-25 12:08:23',81),(82,'super title','',NULL,'2021-12-25 12:13:43',81),(83,'some title','',NULL,'2021-12-25 12:15:34',74),(84,'lorem','',NULL,'2021-12-25 12:16:30',74),(85,'lorem','',NULL,'2021-12-25 12:20:31',74),(86,'LOREM IPSUM',' voluptate velit esse cillum dolore eu fugiat nulla pariatur. Excepteur sint occaecat cupidatat non proident, sunt in culpa qui officia deserunt mollit anim id est laborum.',NULL,'2021-12-26 10:44:35',82),(87,'LOREM IPSUM',' voluptate velit esse cillum dolore eu fugiat nulla pariatur. Excepteur sint occaecat cupidatat non proident, sunt in culpa qui officia deserunt mollit anim id est laborum.',NULL,'2021-12-26 10:47:49',82),(88,'LOREM IPSUM',' voluptate velit esse cillum dolore eu fugiat nulla pariatur. Excepteur sint occaecat cupidatat non proident, sunt in culpa qui officia deserunt mollit anim id est laborum.',NULL,'2021-12-26 10:51:20',82),(89,'LOREM IPSUM',' voluptate velit esse cillum dolore eu fugiat nulla pariatur. Excepteur sint occaecat cupidatat non proident, sunt in culpa qui officia deserunt mollit anim id est laborum.',NULL,'2021-12-26 10:52:43',82),(90,'LOREM IPSUM',' voluptate velit esse cillum dolore eu fugiat nulla pariatur. Excepteur sint occaecat cupidatat non proident, sunt in culpa qui officia deserunt mollit anim id est laborum.','http://localhost:3000/images/super-cat.jpg1640512546735.jpg','2021-12-26 10:55:47',82),(91,'LOREM IPSUM',' voluptate velit esse cillum dolore eu fugiat nulla pariatur. Excepteur sint occaecat cupidatat non proident, sunt in culpa qui officia deserunt mollit anim id est laborum.','http://localhost:3000/images/caaat.jpg1640512625668.jpg','2021-12-26 10:57:05',82),(92,'LOREM IPSUM',' voluptate velit esse cillum dolore eu fugiat nulla pariatur. Excepteur sint occaecat cupidatat non proident, sunt in culpa qui officia deserunt mollit anim id est laborum.','http://localhost:3000/images/caaat.jpg1640512762917.jpg','2021-12-26 10:59:22',82),(93,'LOREM IPSUM',' voluptate velit esse cillum dolore eu fugiat nulla pariatur. Excepteur sint occaecat cupidatat non proident, sunt in culpa qui officia deserunt mollit anim id est laborum.',NULL,'2021-12-26 11:03:58',82),(94,'LOREM IPSUM',' voluptate velit esse cillum dolore eu fugiat nulla pariatur. Excepteur sint occaecat cupidatat non proident, sunt in culpa qui officia deserunt mollit anim id est laborum.',NULL,'2021-12-26 11:10:17',82),(95,'LOREM IPSUM',' voluptate velit esse cillum dolore eu fugiat nulla pariatur. Excepteur sint occaecat cupidatat non proident, sunt in culpa qui officia deserunt mollit anim id est laborum.',NULL,'2021-12-26 11:11:26',82),(96,'title','',NULL,'2021-12-26 11:34:20',74),(97,'lorem ipsum ','',NULL,'2021-12-26 11:39:08',74),(98,'ipsum','',NULL,'2021-12-26 11:41:20',74),(99,'ipsum','',NULL,'2021-12-26 11:44:47',74),(100,'ipsum','',NULL,'2021-12-26 11:49:01',74),(101,'ipsum','',NULL,'2021-12-26 11:49:25',74),(102,'ipsum','',NULL,'2021-12-26 11:50:32',74),(103,'ipsum','',NULL,'2021-12-26 11:52:51',74),(104,'ipsum','',NULL,'2021-12-26 11:54:34',74),(105,'ipsum','',NULL,'2021-12-26 11:55:40',74),(106,'ipsum','',NULL,'2021-12-26 11:56:02',74),(107,'ipsum','',NULL,'2021-12-26 11:56:54',74),(108,'ipsum','',NULL,'2021-12-26 11:57:23',74),(109,'ipsum','',NULL,'2021-12-26 11:58:21',74),(110,'ipsum','',NULL,'2021-12-26 11:58:44',74),(111,'ipsum','',NULL,'2021-12-26 11:59:51',74),(112,'ipsum','',NULL,'2021-12-26 12:06:54',74),(113,'ipsum','',NULL,'2021-12-26 12:08:26',74),(114,'LOREM','',NULL,'2021-12-26 12:09:16',74),(115,'LOREM','',NULL,'2021-12-26 12:09:43',74),(116,'LOREM','',NULL,'2021-12-26 12:10:59',74),(117,'LOREM IPSUM',' voluptate velit esse cillum dolore eu fugiat nulla pariatur. Excepteur sint occaecat cupidatat non proident, sunt in culpa qui officia deserunt mollit anim id est laborum.',NULL,'2021-12-26 12:14:12',82),(118,'LOREM IPSUM',' voluptate velit esse cillum dolore eu fugiat nulla pariatur. Excepteur sint occaecat cupidatat non proident, sunt in culpa qui officia deserunt mollit anim id est laborum.','http://localhost:3000/images/super-cat.jpg1640517263042.jpg','2021-12-26 12:14:23',82),(119,'CAT','',NULL,'2021-12-26 12:20:31',74),(120,'lorem','',NULL,'2021-12-26 12:21:59',74),(121,'lorem','',NULL,'2021-12-26 12:23:35',74),(122,'lorem','',NULL,'2021-12-26 12:26:58',74),(123,'lorem','','http://localhost:3000/images/christmas-cat.jpg1640518073105.jpg','2021-12-26 12:27:53',74),(124,'chat','','http://localhost:3000/images/caaat.jpg1640518127705.jpg','2021-12-26 12:28:47',74),(125,'LOREM IPSUM','Lorem ipsum dolor sit amet, consectetur adipiscing elit, sed do eiusmod tempor incididunt ut labore et dolore magna aliqua. Ut enim ad minim veniam, quis nostrud exercitation ullamco laboris nisi ut aliquip ex ea commodo consequat.','http://localhost:3000/images/super-cat.jpg1640525168129.jpg','2021-12-26 14:26:08',74),(126,'','',NULL,'2021-12-26 14:29:38',74),(127,'','',NULL,'2021-12-26 14:39:24',74),(128,'super chat','','http://localhost:3000/images/catcat.jpg1640528146464.jpg','2021-12-26 15:15:46',74),(129,'awesome cat','','http://localhost:3000/images/cat2.jpg1640530956818.jpg','2021-12-26 16:02:36',74),(130,'super titre','',NULL,'2021-12-26 16:03:12',74),(131,'lorem','lorem ipsum',NULL,'2021-12-29 18:13:31',74),(132,'lorem','lorem ipsum',NULL,'2021-12-29 18:13:34',74),(133,'title lorem','text lorem',NULL,'2021-12-29 18:17:45',74),(134,'super titre','super text',NULL,'2021-12-29 18:32:50',74),(135,'gif','','http://localhost:3000/images/giphy.gif1640930763587.undefined','2021-12-31 07:06:03',74),(136,'gif','','http://localhost:3000/images/giphy.gif1640930830189.undefined','2021-12-31 07:07:10',74),(137,'chat','','http://localhost:3000/images/caaat.jpg1640931389966.jpg','2021-12-31 07:16:29',74),(138,'chat','','http://localhost:3000/images/caaat.jpg1640931480785.jpg','2021-12-31 07:18:00',74),(139,'catcat','','http://localhost:3000/images/giphy.gif1640931568788.undefined','2021-12-31 07:19:28',74),(140,'catcat','','http://localhost:3000/images/gif2.gif1640932182702.undefined','2021-12-31 07:29:42',74),(141,'bored cat','','http://localhost:3000/images/bored-cat.gif1640932375136.undefined','2021-12-31 07:32:55',74),(142,'hyper cat','','http://localhost:3000/images/cat3.jpg1641215090930.jpg','2022-01-03 14:04:51',136),(143,'hyper fat cat','','http://localhost:3000/images/fat-cat.gif1641215152086.undefined','2022-01-03 14:05:52',136),(144,'hyper fat cat','','http://localhost:3000/images/fat-cat.gif1641215486999.gif','2022-01-03 14:11:27',136),(145,'title','','http://localhost:3000/images/bored-cat.gif1641218939524.gif','2022-01-03 15:08:59',137),(146,'title','','http://localhost:3000/images/bored-cat.gif1641219005820.gif','2022-01-03 15:10:05',137),(147,'title','','http://localhost:3000/images/bored-cat.gif1641219045304.gif','2022-01-03 15:10:45',137),(148,'title','vf','http://localhost:3000/images/bored-cat.gif1641219087339.gif','2022-01-03 15:11:27',137),(149,'title','vf','http://localhost:3000/images/bored-cat.gif1641219134139.gif','2022-01-03 15:12:14',137),(150,'title','vf','http://localhost:3000/images/bored-cat.gif1641219182723.gif','2022-01-03 15:13:02',137),(151,'t','',NULL,'2022-01-03 15:13:15',137),(152,'title','','http://localhost:3000/images/cat-acid.gif1641219917737.gif','2022-01-03 15:25:18',137),(153,'title','',NULL,'2022-01-03 15:25:57',137),(154,'title','',NULL,'2022-01-03 15:26:28',137),(155,'title','',NULL,'2022-01-03 15:26:51',137),(156,'title','text',NULL,'2022-01-03 15:28:04',137),(157,'title','text',NULL,'2022-01-03 15:28:12',137),(158,'titlejj','text',NULL,'2022-01-03 15:29:26',137),(159,'title','',NULL,'2022-01-03 16:15:09',137),(160,'title','',NULL,'2022-01-03 16:15:48',137),(161,'lorem ipsum','lorem ipsum','http://localhost:3000/images/cat2.jpg1641223086406.jpg','2022-01-03 16:18:06',137),(162,'super title','','http://localhost:3000/images/cat1.gif1641223426062.gif','2022-01-03 16:23:46',137),(163,'chat','',NULL,'2022-01-03 16:25:23',137),(164,'cat','',NULL,'2022-01-03 16:25:52',137),(165,'hyper cat','',NULL,'2022-01-03 16:29:58',137),(166,'lorem','','http://localhost:3000/images/cat-acid.gif1641223883503.gif','2022-01-03 16:31:23',137),(167,'time-ago','test','http://localhost:3000/images/cat1.gif1641229829585.gif','2022-01-03 18:10:29',137),(168,'title','','http://localhost:3000/images/cat.jpg1641315842279.jpg','2022-01-04 18:04:03',74),(169,'title','',NULL,'2022-01-04 18:33:13',127),(170,'title','','http://localhost:3000/images/cat3.jpg1641318125280.jpg','2022-01-04 18:42:05',127);
/*!40000 ALTER TABLE `post` ENABLE KEYS */;
UNLOCK TABLES;

--
-- Table structure for table `user`
--

DROP TABLE IF EXISTS `user`;
/*!40101 SET @saved_cs_client     = @@character_set_client */;
/*!50503 SET character_set_client = utf8mb4 */;
CREATE TABLE `user` (
  `u_id` int unsigned NOT NULL AUTO_INCREMENT,
  `u_first_name` varchar(255) NOT NULL,
  `u_last_name` varchar(255) NOT NULL,
  `u_email` varchar(255) NOT NULL,
  `u_password` varchar(320) NOT NULL,
  `u_admin` tinyint(1) DEFAULT NULL,
  PRIMARY KEY (`u_id`),
  UNIQUE KEY `u_email_UNIQUE` (`u_email`)
) ENGINE=InnoDB AUTO_INCREMENT=138 DEFAULT CHARSET=utf8mb4 COLLATE=utf8mb4_0900_ai_ci;
/*!40101 SET character_set_client = @saved_cs_client */;

--
-- Dumping data for table `user`
--

LOCK TABLES `user` WRITE;
/*!40000 ALTER TABLE `user` DISABLE KEYS */;
INSERT INTO `user` VALUES (1,'toto','dubois','dubois.toto@groupomania.fr','123456',0),(2,'john','doe','doe.john@groupomania.fr','AZERTY',0),(5,'admin','moderateur','admin@groupomania.fr','passadmin',1),(6,'emilie','martin','martin.emilie@groupomania.fr','$2b$10$p4/SYLER0WJ5UQkOEMZdrulHxEMMTnyynlexXv9TNs3gA9pGZbDAu',NULL),(11,'bob','martin',' martin.bob@groupomania.fr','$2b$10$a2msnSQlk6Ss38L5aLJnpebkPx.2YVkvtjucJXQs.phwfrL9lF2qC',NULL),(15,'isaac','asimov','asimov.isaac@groupomania.fr','$2b$10$z9h2B.F8dGKLBJafQxB1Ae.1yerqTo//TL9c9/8lCOfB509.2PncC',NULL),(16,'chantal','asimov','asimov.chantal@groupomania.ru','$2b$10$v62Fkakj15RKx.y8y19hIujPL2J.BBY1D8NZt8LpXPlm2yFpFGigq',NULL),(18,'chantal','asimov','asimov.chantald@groupomania.ru','$2b$10$NlmKjWzrQ43nDOaZMQDLR.muOVnYQmHXraT/s/nhpnty/zgPOwqJ.',NULL),(19,'chantal','asimov','asimov.chantald@free.fr','$2b$10$5.jDxtwXWhDyE0Q2fJNXde//cqrFUmN9.D0O0JehJUsMxYw.6PQkW',NULL),(20,'sanchez','vasilisa','sanchez.vasilisa@groupomania.fr','$2b$10$amBLqYjQUecMEHoUMACnsOpO4JTs3kGBELPmQ/3QEvTmd/5HZ1bE6',NULL),(21,'charlotte','martin','sanchez.marina@groupomania.fr','$2b$10$g2yQPctELtZv.7btrdH6Bu9m7W3tbHx2bfEf3lgux1BdJPRjMQb3y',NULL),(23,'jean-luc','martin','martin.bob@groupomania.fr','$2b$10$d8EcyGYOsvhD4bBQcTZWK.QsxXW/NTBWhuCR9bpAT3mY7ZANx0yfS',NULL),(26,'####','!!!','dupon.jean-sabastien','$2b$10$GccZoKF0yCI.a3D26fG9QOulgW.MULiybHiXxiFaN.PnUW37SL07S',NULL),(27,'chuck','norris','norris.chuck@groupomania.fr','$2b$10$TwYLgprN.0.5UuZAEd9B.O.6rFtRY3XvMlabCuR9cjTLo2XyRTWw2',NULL),(30,'Benoît','Péric','peric.benoît@groupomania.fr','$2b$10$kO9Ln9oJSgB8Et3AkPkse.2oYI.eicbGCUs8o.H5eA2KKlupCgtbq',NULL),(31,'Cril','Fisher','fisher.cril@groupomania.fr','$2b$10$dOZNGMlFnRA6QGpdzAvgTux.7P3rDganbjL4wMrXHPIFleefq1SIu',NULL),(33,'Teresa','May','may.teresa@groupomania.fr','$2b$10$qCmCPTffM6fH8dNvOmAkFOGMcvXRaf5iey/jJ3pc8muW2wEZfcaU6',NULL),(37,'George','Paten','paten.george@groupomania.fr','$2b$10$BZaJLkT67PLOkPJ25GR/RO.5flAQATVt5FfO148SErIKubU5n3qgy',NULL),(40,'Gwen','Miller','miller.gwen@groupomania.fr','$2b$10$h34V1AQyS8/LE4GVjowE2uW2ndWyWtYpCaq.YnJIMyghsGsVZob52',NULL),(47,'insignia','blabla','$2b$10$.tbv/zRicNaHp.UZC13ZV.FRu28YPI/hpheIVnajpMg.RFu4tgtaa','insignia@groupomania.fr',NULL),(48,'Stéphan','Desa','$2b$10$bXo335f6cebZIH7RVo706OGCoAMoKqmELGrDmmqCrBTttL72wVM9i','desa.stephan@groupomania.fr',NULL),(49,'wendell','urth','$2b$10$02ItOrb6mQrpZTr8WoA2E.Hp2ZjY2Y1yaRIhQZ4BgxuJPZJLC9pza','urth.wendell@groupomania.fr',NULL),(50,'insignia','blabla','11111qsNBn::','insignia.eugenie@groupomania.fr',NULL),(51,'bruno','martin','insignia.eugenie@groupomania.fr','$2b$10$Cdt2.7.WG8UvkPITe4aj2eHPTmYUO1l98/H5bZ4N1zVoLRFr3GZz2',NULL),(53,'newName','Hércule','martin.hercule@groupomania.fr','$2b$10$pIYa3maN/DhS0uAmxUDkfuqNWIgJwO2rXqKThk5FUC6J1DMDs9zgi',NULL),(62,'carl','vasiliev','carl.vas@groupomania.fr','$2b$10$ZC3MRYv.JyAQfl2m7zA4quJf146o7S8jRse1t2SO0JtlPXVWpPXO.',NULL),(64,'andrew','harlan','harlan.andrew@groupomania.fr','$2b$10$zMOsxQswODLiB8fxYBRy5O1yJPUIDEjo99aCVKDZb4UykAJvw/pnm',NULL),(65,'max','grand','grand.max@groupomania.fr','$2b$10$TMfY6zWYWn3VRNr.l7yEp.iHCM8MoO/Ln8xI9otM3zULoIibxoxJ2',NULL),(66,'li','cooper','cooper.li@groupomania.fr','$2b$10$8Q0WYhVwBXK.kcszpnROaeOGMEdaftVX2yVLPjx5shcDXEZbhfQMe',NULL),(69,'lolo','mimimi','fffff@mail.ru','$2b$10$YY.WnCHLbBeC9s1zThBJ0erjeYcyYERxtD4Fr7Cig7/tCmoCiaY7K',NULL),(74,'lolo','mimin','mimin.lolo@groupomania.fr','$2b$10$n775juGDR/GONt5xRRymiO3r4wBfTEw0Ncabhpnmnp4PeX6SvahTe',NULL),(75,'Nelson','Mndela','fffff@groupomania.fr','$2b$10$aXiRN2T/a00sF5cNZ2Nk9ORNz4far4rX7V48DFxh29AdsIgchZqNa',NULL),(76,'Nélson','Mândela','mandela@groupomania.fr','$2b$10$h2VbaD6qeGcBkpsZv17Dfec.68hZrOsRoLCnSXXxn1XwMl3vPFDu2',NULL),(78,'will','smith','smith@groupomania.fr','$2b$10$ii56UPTDQIIUDbADUtIYEOoObIpR7uq4rvMak04SOnOFmBpBhLqXW',NULL),(79,'lol','cooper','cooper.lol@groupomania.fr','$2b$10$tyQhbKclhyeycwhmU6qx6./EaAtLEH3ytfl.k2DaoVzyoeGVS8Zr2',NULL),(80,'Ted','Long','long.ted@groupomania.fr','$2b$10$W.YGio8eagog3XVTU/4LX.XoDgW0PKwc0VWBWKSeJgFwnvENXX5qq',NULL),(81,'nicolas','keidge','keidge.nicolas@groupomania.fr','$2b$10$scLzUfXIt3isOtLXei.lQOv.A6eFUjn68l71ZLfxutxXn917tu40i',NULL),(82,'milt','hawkins','hawkins.milt@groupomania.fr','$2b$10$IyXcyT4AkzAeU4l6hzZWkuchVIcmBSwM6xvcMmchUWHhVncvFc18C',NULL),(83,'James','Gleick','gleick.james@groupomania.fr','$2b$10$CtvlJ3h9VnKYVxOulKdXGOQpqRtf6QCGQV6vcFsSR8OFpol.FAsOu',NULL),(84,'philippe','breton','breton.philippe@groupomania.fr','$2b$10$DUjHEIpUP7g2wlBfrvLG/OChE9.qK8QVAJpxlJnI5VWiQ2PYMUZ3.',NULL),(85,'lolo','lolo','lolo.lolo@groupomania.fr','$2b$10$VxOsVHD2ghqz0FdXIvS4oOCqIdqK6aAEajgXYg1cB3GGjVvb8QnMm',NULL),(86,'hannah','arendt','hanna.arendt@groupomania.fr','$2b$10$kt0P/e8WrNmnqIwPa5WhAOgSUxkJmP2h0yZjAM8ddS9NWzCNr3oD2',NULL),(87,'aditya','bhargava','bhargava.aditya@groupomania.fr','$2b$10$ILncOEohUO7ITrJRWUOlW.jabzpILnTF3.JRoK1B8WYTc5eLrIOJO',NULL),(88,'pierre','pompidor','pompidor.pierre@groupomania.fr','$2b$10$ZlzT40Ru7lip0dk3Iw7wFeqvRauk/3zH8kW6h6O9Ds.im8VFMoJ6C',NULL),(89,'dominique','colombani','colombani.dom@groupomania.fr','$2b$10$HoqeMqzogXsd7rrII2fNgunhAkxG45Q18plBytDZTXMT3omtcn4lS',NULL),(90,'edward','herman','herman.ed@groupomania.fr','$2b$10$TtkNQ33Am1AkJO5iEiAmKexxLCNVEK0A4.C0qvL7iD/I2.2eVkx3.',NULL),(91,'momo','mimi','mimi.momo@groupomania.fr','$2b$10$DdXfsFiOu7pLbqrTDnpK2eJnBszNpvffT4JUC95l1h3XURwWPXC6y',NULL),(92,'scott','chacon','chacon.scott@groupomania.fr','$2b$10$dT1ajQj.8o2v8BVcR5CkKObumaezcHtOSJL22zgwD.k3e8/e34GKa',NULL),(93,'jones','darren','darren.jones@groupomania.fr','$2b$10$T7tI5yg9GBQfq.fCZkcEIOfJj9Pz5lqY3w9leVxX8NegbqxUINcLG',NULL),(94,'christophe','aubry','aubry.christophe@groupomania.fr','$2b$10$cs3TYzyr9H3dfGkTLv0HKO0bTAfh/wace5zxLT5h8IE0vKeN.b66m',NULL),(95,'samuel','dauzon','dauzon.samuel@groupomania.fr','$2b$10$X0xKKQPDzZt5lMJX4KNQPuakR6zGa2J0RbJlTg9pP8xLfI5aDshDm',NULL),(96,'mii','lo','lo.mii@groupomania.fr','$2b$10$SUPCkBNeV3Fjyz6ShqqaVOUr6/6k57VMb3NYFNOMPz3B3S1rd4o32',NULL),(97,'jon','duckett','duckett.jon@groupomania.fr','$2b$10$s88zVUm6dqrOnlklJclqUOzhzHz9vEfPjDV6CZCfG4Gm5QuaIDKSO',NULL),(98,'jonh','wiley','wiley.jonh@groupomania.fr','$2b$10$4PpuuiIJCN.vRlytWpBhN.rw6gGdfjsGC7dk29bZdDpwr58kFDYdG',NULL),(99,'sennor','twicell','twicell.sennor@groupomania.fr','$2b$10$CokXICMX3sqOPZ2DW/f50eqhj372TMjB4ZIyqQ0eWSXqgHg/PCHPS',NULL),(100,'hilda','monne','monne.hilda@groupomania.fr','$2b$10$faXCzGxH5HamG8kiCzESv.12OBvOs2b2Yz1rbBjYH4TOcZX8aKNmi',NULL),(101,'devi-en','hurrien','hurrien.devi-en@groupomania.fr','$2b$10$li8WrEMODyxVTvYDH02tCeatG2gVm01UEp4T2brSiXmEAI4TfzbZu',NULL),(102,'henri','perkin','perkin.henri@groupomania.fr','$2b$10$6J7DNfsAubav.fvaEZW3G.COR4lJA6HlzkMqEIPSmQWLqtxsAIn1C',0),(103,'anne','villelaur','villelaur.anne@groupomania.fr','$2b$10$SObpk9pnYFaJiAC4I7dGmOzYm2GoxFaqclrDHedc950weRnwiGHSS',0),(104,'karim','friha','friha.karim@groupomania.fr','$2b$10$7oui6cGng1s.4OwvSVZxgOIdGkXmxsg3aEHSBl/IdT3Olp19b7Xtm',0),(105,'marie','blachère','blachere.marie@groupomania.fr','$2b$10$lxhWpoD1rhbP9gS0h6xc/.JUZpNEvFMkX4j2tujRPx5T.sO7m.99u',0),(106,'marie','térèse','terese.marie@groupomania.fr','$2b$10$4gO1U5m2MXBanYZT8oDMi.yxlyEWS8e883Czc50oMsI.mSCEcY1LW',0),(107,'laurent','mind','mind.laurent@groupomania.fr','$2b$10$Bc.XIB7wKH.sTyL5LkpqfeV3V4oqN6Pkh7qVPsYINwrCjy2cUJvDe',0),(108,'laurent','mind','mind@groupomania.fr','$2b$10$5QZlD/YoCXNW9czgaaSf0OvhT4/yk8RxwzIhNWx1Khp2LHYcjWgkK',0),(109,'laurent','mind','mid@groupomania.fr','$2b$10$DnJSYtPtzSSWO6OK533AOObG.2TNrj/HWAalc41rlReHAuYLOfstC',0),(110,'laurent','mind','mlaurent@groupomania.fr','$2b$10$F4H1HTMqT6ai75KIWrLxDu9zvzGX07ggMczCf405acOvRP19vmZym',0),(111,'laurent','mind','laurent@groupomania.fr','$2b$10$jtylLA0MdikBVQJDdfPIHeZ2AsSmtpto6sew8PPGiDACFyMWloqdy',0),(112,'laurent','mind','lauret@groupomania.fr','$2b$10$h1g.u9BWGZg5iAnXLonTZOHwoRbw2Oy5CVOw7bJl0RcCbJhUNk98G',0),(114,'laurent','mind','laret@groupomania.fr','$2b$10$HTYZt4fxuTm.pxZTthEF7OJPN2pkOfKibvmsOPbBYwkQo0EQNIxtS',0),(115,'momo','mp','mp.momo@groupomania.fr','$2b$10$7GXH.WyjIvnQqNpkm3qvw.LVaCLf43oU0DNXAl6rWQEr2f8F0lpKW',0),(116,'momo','mp','mp.mom@groupomania.fr','$2b$10$5.VXjTbQdBLfuzCrzGng3ext6adNq5RddcJGyl.wOHZDqJYxLagsS',0),(117,'momo','mp','mp.momqqq@groupomania.fr','$2b$10$Mtm4DmJWFaXkOjnnNjc4aOSWbl0gW5ud4MqcP0E4.uReBkn8bKtMO',0),(118,'momo','mp','mp.momqq@groupomania.fr','$2b$10$s/gff2KLq71UkodqFapg1uYJ7hKAo/QxW2CBDbZttEb03bbJZSeQy',0),(119,'momo','mp','mp.momq@groupomania.fr','$2b$10$Nli8mVC/51Jz0nLFs2mXzOJbiBXDwqbcLSlL0zedD4o9rX5Li/CIa',0),(120,'momo','mp','mpoo.momq@groupomania.fr','$2b$10$OBIoLH7AaSc8ZzrL.gGbguqeMk.Ot8z/BZZbWLtetYDjC5Om2ngTa',0),(121,'momo','mp','mpoo.momqhh@groupomania.fr','$2b$10$d3efNb7Xtx9k6XPaJlG1HeyFDjRGKg1JkeOo2K9NgxT5BcV9KJvCK',0),(122,'momo','mp','mpoovv.momqhh@groupomania.fr','$2b$10$gZlktCgLViarywbwLN4MZ.R8QC4h1VTsBuSudVI9la77uyrrt1Dz.',0),(123,'momo','mp','mpoovv.movvmqhh@groupomania.fr','$2b$10$Msu1q6dNhwNN3QoupHxmbuHudCFf2OwsoJ5ApNqurveXFMYxUqYMK',0),(124,'momo','mp','mpvv.movvmqhh@groupomania.fr','$2b$10$qCGaldi0IGC8xmNFgDHaC.UBlmPF23.A.Bfcwlb2iOhvYC9iSNn06',0),(125,'momo','mp','mpvv.movvqhh@groupomania.fr','$2b$10$AfrmcGSWz2W8F8cB499kv.zAaHoakQWGsZQ8YJN2VDq0BUhB1w8iW',0),(126,'momo','mp','pvv.movvqhh@groupomania.fr','$2b$10$pzvHg5dI0pQf5YAjdkpSseJOGvfH.vhsjmY0QPEo60WWk3WVZOnIq',0),(127,'zed','prime','prime.zed@groupomania.fr','$2b$10$LEGj1aynsSzExSJ0m/3bE.GZMOnkawp/qfPflmKp.tpVMvtIRdUWm',1),(128,'amanda','grey','grey.amanda@groupomania.fr','$2b$10$U2ix/QM4XcU81QS3kyvfJe0yD89HDmFYjyxyRTEQHSxOE9lu1Pcvq',0),(129,'marchall','zebatinsky','zebatinsky.marchall@groupomania.fr','$2b$10$Zo7gbQgkCDcZwCgT7D5MA.ab.ZVeLKqJbkKQreEN/EREeTWimqCMe',0),(130,'marchall','sebatinsky','sebatinsky.marchall@groupomania.fr','$2b$10$R3xIJOHoESOc0Zj6Xy2ht.1EV1JbuezQ9kC8ie6kv8KCZ7VzDfyue',0),(131,'alexander','adell','adell.alexander@groupomania.fr','$2b$10$ARpqyixQpCbRoLuB4Eavxuy2ljldScOAnAGRCD7O7TMRZggwh0Zf.',0),(132,'bertran','lupov','lupov.bertran@groupomania.fr','$2b$10$caMoSSPvOP6N6kH7MJPrNOD3/d6P0kVlGFKDtvWdejmKh5qyO2ulC',0),(133,'edith','fellowes','fellows.edith@groupomania.fr','$2b$10$tkLx1.lPtBjKIvHGbRWh8exP0jI1mUcvSQgmAO4Y.uHdu.VpF/pFS',0),(134,'multivac','microvac','multivac@groupomania.fr','$2b$10$Bn9wE.FPvLX07m8TYgCP7ONzpRChkEDGKuV51Bi2YZY4kKrXcBay6',0),(135,'multivac','microvac','multivac.microvac@groupomania.fr','$2b$10$BBD7t0g./gU6TNU9sAVd4.bNK1zJ5rRU6WKZDStsvF5/pr6F2UX4e',0),(136,'ac','galactique','galactique@groupomania.fr','$2b$10$qBI/KDthJW26CKAte2uJM./6FTW9tds.PKV6w5J7D7cb75nOHMdRq',0),(137,'ac','universel','universel@groupomania.fr','$2b$10$mFnNUh02z4VYp7YjxmN9BOkhYUckD/eqVsxf0g.fwtOM6sqW5JNKm',0);
/*!40000 ALTER TABLE `user` ENABLE KEYS */;
UNLOCK TABLES;
/*!40103 SET TIME_ZONE=@OLD_TIME_ZONE */;

/*!40101 SET SQL_MODE=@OLD_SQL_MODE */;
/*!40014 SET FOREIGN_KEY_CHECKS=@OLD_FOREIGN_KEY_CHECKS */;
/*!40014 SET UNIQUE_CHECKS=@OLD_UNIQUE_CHECKS */;
/*!40101 SET CHARACTER_SET_CLIENT=@OLD_CHARACTER_SET_CLIENT */;
/*!40101 SET CHARACTER_SET_RESULTS=@OLD_CHARACTER_SET_RESULTS */;
/*!40101 SET COLLATION_CONNECTION=@OLD_COLLATION_CONNECTION */;
/*!40111 SET SQL_NOTES=@OLD_SQL_NOTES */;

-- Dump completed on 2022-01-05  9:17:34
